Id,BldgType,OverallQual,GrLivArea,GarageArea,SalePrice
1,1Fam,7,1710,548,208500
2,1Fam,6,1262,460,181500
3,1Fam,7,1786,608,223500
4,1Fam,7,1717,642,140000
5,1Fam,8,2198,836,250000
6,1Fam,5,1362,480,143000
7,1Fam,8,1694,636,307000
8,1Fam,7,2090,484,200000
9,1Fam,7,1774,468,129900
10,2FmCon,5,1077,205,118000
11,1Fam,5,1040,384,129500
12,1Fam,9,2324,736,345000
13,1Fam,5,912,352,144000
14,1Fam,7,1494,840,279500
15,1Fam,6,1253,352,157000
16,1Fam,7,854,576,132000
17,1Fam,6,1004,480,149000
18,Duplx,4,1296,516,90000
19,1Fam,5,1114,576,159000
20,1Fam,5,1339,294,139000
21,1Fam,8,2376,853,325300
22,1Fam,7,1108,280,139400
23,1Fam,8,1795,534,230000
24,TwnhsE,5,1060,572,129900
25,1Fam,5,1060,270,154000
26,1Fam,8,1600,890,256300
27,1Fam,5,900,576,134800
28,1Fam,8,1704,772,306000
29,1Fam,5,1600,319,207500
30,1Fam,4,520,240,68500
31,1Fam,4,1317,250,40000
32,1Fam,5,1228,271,149350
33,1Fam,8,1234,484,179900
34,1Fam,5,1700,447,165500
35,TwnhsE,9,1561,556,277500
36,1Fam,8,2452,691,309000
37,1Fam,5,1097,672,145000
38,1Fam,5,1297,498,153000
39,1Fam,5,1057,246,109000
40,Duplx,4,1152,0,82000
41,1Fam,6,1324,440,160000
42,1Fam,5,1328,308,170000
43,1Fam,5,884,504,144000
44,1Fam,5,938,308,130250
45,1Fam,5,1150,300,141000
46,TwnhsE,9,1752,576,319900
47,1Fam,7,2149,670,239686
48,1Fam,8,1656,826,249700
49,2FmCon,4,1452,0,113000
50,1Fam,5,955,386,127000
51,1Fam,6,1470,388,177000
52,1Fam,6,1176,528,114500
53,Duplx,5,816,516,110000
54,1Fam,9,1842,894,385000
55,1Fam,5,1360,572,130000
56,1Fam,6,1425,576,180500
57,TwnhsI,8,1739,480,172500
58,1Fam,7,1720,565,196500
59,1Fam,10,2945,641,438780
60,1Fam,5,780,352,124900
61,1Fam,6,1158,576,158000
62,1Fam,5,1111,288,101000
63,TwnhsE,8,1370,484,202500
64,1Fam,7,1710,480,140000
65,1Fam,7,2034,645,219500
66,1Fam,8,2473,852,317000
67,1Fam,7,2207,576,180000
68,1Fam,7,1479,558,226000
69,1Fam,4,747,220,80000
70,1Fam,7,2287,667,225000
71,1Fam,7,2223,516,244000
72,1Fam,4,845,360,129500
73,1Fam,7,1718,427,185000
74,1Fam,5,1086,490,144900
75,1Fam,3,1605,379,107400
76,TwnhsI,4,988,297,91000
77,1Fam,4,952,283,135750
78,1Fam,5,1285,240,127000
79,Duplx,4,1768,0,136500
80,1Fam,5,1230,440,110000
81,1Fam,6,2142,509,193500
82,TwnhsE,6,1337,405,153500
83,1Fam,8,1563,758,245000
84,1Fam,5,1065,461,126500
85,1Fam,7,1474,400,168500
86,1Fam,8,2417,462,260000
87,1Fam,6,1560,400,174000
88,TwnhsE,6,1224,528,164500
89,1Fam,3,1526,0,85000
90,1Fam,4,990,0,123600
91,1Fam,4,1040,420,109900
92,1Fam,5,1235,480,98600
93,1Fam,5,964,432,163500
94,2FmCon,6,2291,506,133900
95,1Fam,6,1786,684,204750
96,1Fam,6,1470,420,185000
97,1Fam,7,1588,472,214000
98,1Fam,4,960,432,94750
99,1Fam,5,835,366,83000
100,1Fam,4,1225,0,128950
101,1Fam,6,1610,480,205000
102,1Fam,6,1732,476,178000
103,Duplx,5,1535,410,118964
104,1Fam,7,1226,740,198900
105,1Fam,7,1818,240,169500
106,1Fam,8,1992,648,250000
107,1Fam,4,1047,273,100000
108,1Fam,5,789,250,115000
109,1Fam,5,1517,0,115000
110,1Fam,6,1844,546,190000
111,1Fam,6,1855,325,136900
112,1Fam,7,1430,400,180000
113,1Fam,7,2696,792,383970
114,1Fam,6,2259,450,217000
115,1Fam,6,2320,180,259500
116,TwnhsE,6,1458,440,176000
117,1Fam,5,1092,288,139000
118,1Fam,5,1125,430,155000
119,1Fam,7,3222,594,320000
120,1Fam,6,1456,390,163990
121,1Fam,6,988,540,180000
122,1Fam,4,1123,264,100000
123,1Fam,6,1080,288,136000
124,TwnhsE,6,1199,530,153900
125,1Fam,6,1586,435,181000
126,2FmCon,6,754,0,84500
127,TwnhsE,6,958,440,128000
128,1Fam,5,840,0,87000
129,1Fam,6,1348,453,155000
130,1Fam,5,1053,750,150000
131,1Fam,7,2157,487,226000
132,1Fam,6,2054,390,244000
133,1Fam,5,1327,624,150750
134,1Fam,8,1296,471,220000
135,1Fam,5,1721,440,180000
136,1Fam,7,1682,530,174000
137,1Fam,5,1214,318,143000
138,Duplx,7,1959,766,171000
139,1Fam,8,1852,660,230000
140,1Fam,6,1764,470,231500
141,1Fam,4,864,0,115000
142,1Fam,7,1734,660,260000
143,1Fam,5,1385,720,166000
144,1Fam,7,1501,577,204000
145,Duplx,5,1728,504,125000
146,TwnhsI,6,1709,380,130000
147,1Fam,5,875,180,105000
148,1Fam,7,2035,434,222500
149,1Fam,7,1080,0,141000
150,1Fam,5,1344,240,115000
151,1Fam,5,969,440,122000
152,1Fam,8,1710,866,372402
153,1Fam,6,1993,495,190000
154,1Fam,6,1252,564,235000
155,1Fam,6,1200,312,125000
156,1Fam,6,1096,0,79000
157,1Fam,5,1040,625,109500
158,1Fam,8,1968,680,269500
159,1Fam,7,1947,678,254900
160,1Fam,7,2462,576,320000
161,1Fam,6,1232,516,162500
162,1Fam,9,2668,726,412500
163,1Fam,7,1541,532,220000
164,1Fam,4,882,0,103200
165,1Fam,6,1616,216,152000
166,2FmCon,5,1355,0,127500
167,1Fam,5,1867,303,190000
168,1Fam,8,2161,789,325624
169,1Fam,7,1720,440,183500
170,1Fam,8,1707,511,228000
171,1Fam,5,1382,660,128500
172,1Fam,6,1656,528,215000
173,TwnhsE,7,1767,504,239000
174,1Fam,6,1362,504,163000
175,1Fam,6,1651,616,184000
176,1Fam,6,2158,576,243000
177,1Fam,6,2060,521,211000
178,1Fam,5,1920,451,172500
179,1Fam,9,2234,1166,501837
180,1Fam,5,968,480,100000
181,TwnhsI,6,1525,440,177000
182,1Fam,7,1802,216,200100
183,1Fam,5,1340,252,120000
184,1Fam,7,2082,484,200000
185,1Fam,5,1252,576,127000
186,1Fam,10,3608,840,475000
187,1Fam,7,1217,497,173000
188,1Fam,5,1656,180,135000
189,Duplx,5,1224,528,153337
190,TwnhsE,8,1593,682,286000
191,1Fam,8,2727,440,315000
192,1Fam,7,1479,484,184000
193,1Fam,7,1431,666,192000
194,TwnhsI,7,1709,380,130000
195,1Fam,5,864,352,127000
196,TwnhsI,6,1456,440,148500
197,1Fam,7,1726,786,311872
198,1Fam,8,3112,795,235000
199,1Fam,6,2229,0,104000
200,1Fam,8,1713,856,274900
201,1Fam,4,1121,440,140000
202,1Fam,6,1279,473,171500
203,1Fam,6,1310,398,112000
204,TwnhsE,6,848,420,149000
205,1Fam,5,1284,240,110000
206,1Fam,7,1442,500,180500
207,1Fam,5,1696,349,143900
208,1Fam,4,1100,312,141000
209,1Fam,7,2062,454,277000
210,1Fam,6,1092,504,145000
211,1Fam,5,864,0,98000
212,1Fam,6,1212,460,186000
213,1Fam,7,1852,644,252678
214,1Fam,5,990,576,156000
215,1Fam,6,1392,299,161750
216,1Fam,5,1236,447,134450
217,1Fam,7,1436,484,210000
218,1Fam,4,1328,210,107000
219,1Fam,7,1954,431,311500
220,TwnhsE,7,1248,438,167240
221,1Fam,7,1498,675,204900
222,1Fam,6,2267,390,200000
223,1Fam,6,1552,434,179900
224,1Fam,4,864,576,97000
225,1Fam,10,2392,968,386250
226,TwnhsI,5,1302,280,112000
227,1Fam,7,2520,721,290000
228,TwnhsI,6,987,280,106000
229,1Fam,5,912,336,125000
230,TwnhsE,7,1555,430,192500
231,1Fam,6,1194,312,148000
232,1Fam,8,2794,810,403000
233,TwnhsI,6,987,288,94500
234,1Fam,5,894,308,128200
235,1Fam,6,1960,440,216500
236,TwnhsE,6,987,264,89500
237,1Fam,7,1414,494,185500
238,1Fam,7,1744,457,194500
239,1Fam,8,1694,818,318000
240,1Fam,6,1487,220,113000
241,1Fam,8,1566,750,262500
242,1Fam,5,866,0,110500
243,1Fam,5,1440,352,79000
244,TwnhsE,6,1217,288,120000
245,1Fam,7,2110,463,205000
246,1Fam,7,1872,604,241500
247,2FmCon,6,1928,440,137000
248,1Fam,6,1375,451,140000
249,1Fam,7,1668,500,180000
250,1Fam,6,2144,389,277000
251,1Fam,3,1306,0,76500
252,TwnhsE,8,1625,538,235000
253,1Fam,6,1640,520,173000
254,1Fam,6,1302,309,158000
255,1Fam,5,1314,294,145000
256,1Fam,7,2291,429,230000
257,1Fam,6,1728,673,207500
258,1Fam,7,1604,660,220000
259,1Fam,7,1792,564,231500
260,1Fam,5,882,308,97000
261,1Fam,6,1382,884,176000
262,1Fam,8,2574,868,276000
263,1Fam,6,1212,492,151000
264,1Fam,5,1316,484,130000
265,1Fam,5,764,504,73000
266,1Fam,6,1422,576,175500
267,1Fam,6,1511,413,185000
268,1Fam,5,2192,240,179500
269,1Fam,5,778,924,120500
270,1Fam,6,1113,504,148000
271,1Fam,8,1939,1053,266000
272,1Fam,7,1363,439,241500
273,1Fam,8,2270,671,290000
274,1Fam,6,1632,338,139000
275,1Fam,5,816,264,124500
276,1Fam,7,1548,672,205000
277,1Fam,7,1560,573,201000
278,1Fam,4,864,400,141000
279,1Fam,9,2121,732,415298
280,1Fam,7,2022,505,192000
281,1Fam,7,1982,575,228500
282,1Fam,6,1262,572,185000
283,TwnhsI,7,1314,626,207500
284,1Fam,8,1468,898,244600
285,TwnhsE,6,1575,529,179200
286,TwnhsE,7,1250,528,164700
287,1Fam,6,1734,440,159000
288,1Fam,4,858,0,88000
289,1Fam,5,900,280,122000
290,1Fam,6,1396,384,153575
291,1Fam,8,1919,685,233230
292,2FmCon,5,1716,0,135900
293,1Fam,5,1716,281,131000
294,1Fam,7,2263,539,235000
295,1Fam,6,1644,418,167000
296,1Fam,6,1003,588,142500
297,1Fam,5,1558,282,152000
298,1Fam,7,1950,576,239000
299,1Fam,6,1743,539,175000
300,1Fam,6,1152,300,158500
301,2FmCon,5,1336,375,157000
302,1Fam,8,2452,683,267000
303,1Fam,7,1541,843,205000
304,1Fam,5,894,552,149900
305,1Fam,7,3493,870,295000
306,1Fam,8,2000,888,305900
307,1Fam,7,2243,746,225000
308,1Fam,6,1406,0,89500
309,1Fam,4,861,539,82500
310,1Fam,9,1944,708,360000
311,1Fam,6,1501,420,165600
312,1Fam,6,972,240,132000
313,2FmCon,5,1118,410,119900
314,1Fam,7,2036,513,375000
315,1Fam,7,1641,546,178000
316,1Fam,7,1432,432,188500
317,1Fam,7,2353,484,260000
318,1Fam,8,1959,1025,270000
319,1Fam,7,2646,656,260000
320,1Fam,7,1472,588,187500
321,1Fam,9,2596,840,342643
322,1Fam,8,2468,872,354000
323,1Fam,7,2730,576,301000
324,1Fam,3,1163,220,126175
325,1Fam,7,2978,564,242000
326,1Fam,5,803,360,87000
327,TwnhsE,8,1719,473,324000
328,1Fam,6,1383,292,145250
329,1Fam,6,2134,441,214500
330,1Fam,5,1192,189,78000
331,Duplx,5,1728,352,119000
332,1Fam,5,1056,308,139000
333,1Fam,8,1629,880,284000
334,TwnhsE,7,1358,484,207000
335,1Fam,6,1638,472,192000
336,2FmCon,5,1786,529,228950
337,1Fam,9,1922,676,377426
338,1Fam,7,1536,532,214000
339,1Fam,7,1621,440,202500
340,1Fam,6,1215,297,155000
341,1Fam,8,1908,431,202900
342,1Fam,4,841,294,82000
343,Duplx,3,1040,400,87500
344,TwnhsE,9,1684,564,266000
345,TwnhsE,5,1112,336,85000
346,1Fam,6,1577,312,140200
347,1Fam,6,958,301,151500
348,1Fam,6,1478,498,157500
349,TwnhsI,7,1626,474,154000
350,1Fam,9,2728,706,437154
351,TwnhsE,9,1869,617,318061
352,1Fam,7,1453,445,190000
353,1Fam,5,1111,200,95000
354,1Fam,6,720,484,105900
355,1Fam,6,1595,240,140000
356,1Fam,6,1200,521,177500
357,1Fam,6,1167,400,173000
358,TwnhsE,5,1142,528,134000
359,1Fam,5,1352,288,130000
360,1Fam,8,1924,592,280000
361,1Fam,6,912,470,156000
362,1Fam,5,1505,240,145000
363,1Fam,7,1922,672,198500
364,TwnhsI,6,987,264,118000
365,1Fam,6,1574,566,190000
366,1Fam,5,1344,468,147000
367,1Fam,6,1394,514,159000
368,1Fam,6,1431,296,165000
369,1Fam,5,1268,244,132000
370,1Fam,5,1287,576,162000
371,1Fam,6,1664,460,172400
372,1Fam,4,1588,680,134432
373,TwnhsE,6,752,264,125000
374,1Fam,5,1319,270,123000
375,1Fam,7,1928,434,219500
376,1Fam,1,904,0,61000
377,1Fam,5,914,576,148000
378,1Fam,8,2466,610,340000
379,1Fam,9,1856,834,394432
380,1Fam,6,1800,463,179000
381,1Fam,5,1691,308,127000
382,1Fam,7,1301,572,187750
383,1Fam,7,1797,639,213500
384,1Fam,6,784,360,76000
385,1Fam,6,1953,501,240000
386,TwnhsE,8,1269,430,192000
387,1Fam,5,1184,0,81000
388,1Fam,6,1125,352,125000
389,1Fam,7,1479,577,191000
390,1Fam,10,2332,846,426000
391,1Fam,5,1367,384,119000
392,1Fam,6,1961,560,215000
393,1Fam,5,882,294,106500
394,1Fam,4,788,0,100000
395,1Fam,5,1034,240,109000
396,1Fam,5,1144,596,129000
397,1Fam,5,894,600,123000
398,1Fam,5,1812,264,169500
399,1Fam,5,1077,338,67000
400,1Fam,7,1550,438,241000
401,TwnhsE,8,1288,500,245500
402,1Fam,7,1310,400,164990
403,1Fam,5,672,240,108000
404,1Fam,8,2263,420,258000
405,1Fam,6,1572,373,168000
406,1Fam,4,1620,490,150000
407,1Fam,6,1639,240,115000
408,1Fam,6,1680,308,177000
409,1Fam,7,2172,947,280000
410,1Fam,8,2078,836,339750
411,1Fam,5,1276,350,60000
412,2FmCon,5,1056,572,145000
413,1Fam,7,1478,484,222000
414,1Fam,5,1028,360,115000
415,1Fam,7,2097,678,228000
416,1Fam,7,1340,396,181134
417,1Fam,6,1400,440,149500
418,1Fam,6,2624,864,239000
419,1Fam,5,1134,240,126000
420,1Fam,5,1056,304,142000
421,Duplx,7,1344,784,206300
422,1Fam,6,1602,529,215000
423,1Fam,5,988,520,113000
424,1Fam,8,2630,696,315000
425,1Fam,6,1196,297,139000
426,1Fam,7,1389,240,135000
427,1Fam,7,1644,569,275000
428,1Fam,4,907,352,109008
429,1Fam,7,1208,628,195400
430,1Fam,6,1412,576,175000
431,TwnhsI,6,987,264,85400
432,1Fam,6,1198,0,79900
433,TwnhsE,5,1365,440,122500
434,1Fam,6,1604,470,181000
435,TwnhsI,4,630,0,81000
436,1Fam,7,1661,550,212000
437,1Fam,6,1118,440,116000
438,1Fam,6,904,180,119000
439,1Fam,5,694,352,90350
440,1Fam,6,1196,528,110000
441,1Fam,10,2402,672,555000
442,Duplx,4,1440,0,118000
443,1Fam,5,1573,360,162900
444,TwnhsE,7,1258,648,172500
445,1Fam,7,1908,493,210000
446,1Fam,6,1689,480,127500
447,1Fam,6,1888,578,190000
448,1Fam,7,1886,431,199900
449,1Fam,6,1376,198,119500
450,1Fam,3,1183,308,120000
451,1Fam,6,813,270,110000
452,1Fam,7,1533,576,280000
453,1Fam,6,1756,422,204000
454,1Fam,8,1590,676,210000
455,Duplx,5,1728,560,188000
456,1Fam,7,1242,528,175500
457,1Fam,5,1344,513,98000
458,1Fam,4,1663,529,256000
459,1Fam,8,1666,228,161000
460,1Fam,5,1203,352,110000
461,1Fam,8,1935,552,263435
462,1Fam,7,1135,576,155000
463,1Fam,5,864,360,62383
464,1Fam,6,1660,240,188700
465,1Fam,5,1040,0,124000
466,TwnhsE,7,1414,398,178740
467,1Fam,7,1277,526,167000
468,1Fam,5,1644,312,146500
469,1Fam,8,1634,866,250000
470,1Fam,6,1710,506,187000
471,TwnhsE,8,1502,528,212000
472,1Fam,7,1969,534,190000
473,TwnhsE,6,1072,525,148000
474,1Fam,8,1976,908,440000
475,TwnhsE,8,1652,499,251000
476,1Fam,5,970,624,132500
477,1Fam,6,1493,508,208900
478,1Fam,9,2643,694,380000
479,1Fam,8,1718,826,297000
480,1Fam,4,1131,672,89471
481,1Fam,9,1850,772,326000
482,1Fam,9,1792,874,374000
483,1Fam,7,1826,164,155000
484,TwnhsI,6,1216,402,164000
485,1Fam,5,999,264,132500
486,1Fam,5,1113,264,147000
487,1Fam,5,1073,515,156000
488,1Fam,5,1484,487,175000
489,2FmCon,5,2414,520,160000
490,TwnhsI,4,630,286,86000
491,TwnhsE,5,1304,336,115000
492,1Fam,6,1578,240,133000
493,1Fam,6,1456,429,172785
494,1Fam,5,1269,308,155000
495,1Fam,5,886,273,91300
496,1Fam,4,720,0,34900
497,1Fam,8,3228,546,430000
498,1Fam,7,1820,240,184000
499,1Fam,5,899,288,130000
500,1Fam,5,912,297,120000
501,TwnhsI,6,1218,264,113000
502,1Fam,7,1768,603,226700
503,1Fam,5,1214,461,140000
504,1Fam,7,1801,484,289000
505,TwnhsE,6,1322,440,147000
506,Duplx,5,1960,400,124500
507,1Fam,8,1911,471,215000
508,1Fam,6,1218,676,208300
509,1Fam,7,1378,360,161000
510,1Fam,5,1041,270,124500
511,1Fam,5,1363,288,164900
512,TwnhsE,7,1368,474,202665
513,1Fam,5,864,624,129900
514,1Fam,6,1080,484,134000
515,1Fam,5,789,200,96500
516,1Fam,10,2020,900,402861
517,1Fam,6,2119,583,158000
518,1Fam,7,2344,889,265000
519,1Fam,6,1796,546,211000
520,1Fam,7,2080,282,234000
521,2FmCon,4,1294,0,106250
522,1Fam,6,1244,336,150000
523,1Fam,6,1664,420,159000
524,1Fam,10,4676,884,184750
525,1Fam,7,2398,834,315750
526,1Fam,7,1266,453,176000
527,1Fam,5,928,252,132000
528,1Fam,9,2713,858,446261
529,1Fam,4,605,0,86000
530,1Fam,6,2515,484,200624
531,1Fam,6,1509,600,175000
532,1Fam,6,1362,502,128000
533,1Fam,5,827,392,107500
534,1Fam,1,334,0,39300
535,1Fam,8,1414,403,178000
536,2FmCon,5,1347,0,107500
537,1Fam,7,1724,527,188000
538,1Fam,4,864,576,111250
539,1Fam,5,1159,336,158000
540,1Fam,8,1601,670,272000
541,1Fam,9,1838,765,315000
542,1Fam,8,2285,648,248000
543,1Fam,7,1680,583,213250
544,TwnhsE,7,767,367,133000
545,1Fam,7,1496,426,179665
546,1Fam,7,2183,786,229000
547,1Fam,6,1635,440,210000
548,1Fam,5,768,624,129500
549,1Fam,5,825,720,125000
550,1Fam,7,2094,615,263000
551,TwnhsE,6,1069,440,140000
552,1Fam,5,928,288,112500
553,1Fam,8,1717,908,255500
554,1Fam,4,1126,520,108000
555,1Fam,7,2046,871,284000
556,1Fam,5,1048,280,113000
557,1Fam,5,1092,299,141000
558,1Fam,4,1336,570,108000
559,1Fam,7,1446,406,175000
560,TwnhsE,7,1557,420,234000
561,1Fam,5,1392,528,121500
562,1Fam,5,1389,418,170000
563,1Fam,5,996,0,108000
564,1Fam,6,1674,396,185000
565,1Fam,7,2295,590,268000
566,1Fam,6,1647,216,128000
567,1Fam,9,2504,656,325000
568,1Fam,7,1535,532,214000
569,1Fam,8,2132,612,316600
570,Duplx,5,943,600,135960
571,Duplx,5,1728,576,142600
572,1Fam,6,864,288,120000
573,1Fam,7,1692,650,224500
574,1Fam,7,1430,400,170000
575,1Fam,5,1109,288,139000
576,1Fam,5,1216,336,118500
577,1Fam,7,1477,216,145000
578,1Fam,5,1320,564,164500
579,TwnhsE,7,1392,540,146000
580,1Fam,5,1795,352,131500
581,1Fam,6,1429,572,181900
582,1Fam,8,2042,1390,253293
583,Duplx,6,816,0,118500
584,1Fam,10,2775,880,325000
585,1Fam,4,1573,240,133000
586,1Fam,8,2028,880,369900
587,1Fam,6,838,275,130000
588,1Fam,5,860,528,137000
589,1Fam,5,1473,452,143000
590,1Fam,5,935,308,79500
591,1Fam,7,1582,520,185900
592,1Fam,10,2296,842,451950
593,1Fam,5,816,816,138000
594,TwnhsE,6,848,420,140000
595,1Fam,5,924,280,110000
596,1Fam,8,1826,758,319000
597,1Fam,6,1368,216,114504
598,TwnhsE,7,1402,648,194201
599,1Fam,5,1647,621,217500
600,TwnhsI,6,1556,452,151000
601,1Fam,8,1904,736,275000
602,1Fam,6,1375,544,141000
603,1Fam,8,1915,506,220000
604,TwnhsE,7,1200,480,151000
605,1Fam,7,1494,530,221000
606,1Fam,7,1986,486,205000
607,1Fam,5,1040,576,152000
608,1Fam,5,2008,230,225000
609,1Fam,8,3194,380,359100
610,1Fam,4,1029,261,118500
611,1Fam,9,2153,736,313000
612,1Fam,6,1032,564,148000
613,1Fam,8,1872,531,261500
614,1Fam,5,1120,0,147000
615,TwnhsE,4,630,0,75500
616,1Fam,6,1054,480,137500
617,1Fam,6,1509,393,183200
618,1Fam,6,832,528,105500
619,1Fam,9,1828,774,314813
620,1Fam,8,2262,749,305000
621,1Fam,3,864,0,67000
622,1Fam,6,2614,624,240000
623,1Fam,5,980,484,135000
624,TwnhsE,6,1512,440,168500
625,1Fam,6,1790,484,165150
626,1Fam,6,1116,440,160000
627,1Fam,5,1422,286,139900
628,1Fam,6,1520,364,153000
629,1Fam,5,2080,504,135000
630,1Fam,6,1350,520,168500
631,1Fam,5,1750,240,124000
632,TwnhsI,8,1554,627,209500
633,1Fam,7,1411,544,82500
634,1Fam,5,1056,260,139400
635,Duplx,6,1056,576,144000
636,2FmCon,6,3395,0,200000
637,1Fam,2,800,0,60000
638,2FmCon,5,1387,256,93000
639,1Fam,5,796,0,85000
640,TwnhsE,8,1567,648,264561
641,TwnhsE,8,1518,588,274000
642,1Fam,7,1929,650,226000
643,1Fam,8,2704,538,345000
644,1Fam,5,1620,462,152000
645,1Fam,9,1766,478,370878
646,1Fam,6,981,576,143250
647,1Fam,5,1048,420,98300
648,1Fam,6,1094,495,155000
649,1Fam,6,1839,442,155000
650,TwnhsI,4,630,0,84500
651,1Fam,7,1665,562,205950
652,1Fam,4,1510,296,108000
653,1Fam,7,1716,512,191000
654,1Fam,6,1469,216,135000
655,1Fam,8,2113,839,350000
656,TwnhsI,6,1092,264,88000
657,1Fam,5,1053,312,145500
658,1Fam,7,1502,270,149000
659,1Fam,6,1458,330,97500
660,1Fam,5,1486,480,167000
661,1Fam,7,1935,550,197900
662,1Fam,8,2448,711,402000
663,1Fam,6,1392,576,110000
664,1Fam,4,1181,588,137500
665,1Fam,8,2097,1134,423000
666,1Fam,8,1936,504,230500
667,1Fam,6,2380,596,129000
668,1Fam,6,1679,575,193500
669,1Fam,5,1437,576,168000
670,1Fam,4,1180,252,137500
671,1Fam,6,1476,540,173500
672,1Fam,6,1369,300,103600
673,1Fam,6,1208,546,165000
674,1Fam,6,1839,416,257500
675,1Fam,6,1136,384,140000
676,TwnhsI,6,1441,440,148500
677,1Fam,4,1774,779,87000
678,1Fam,5,792,240,109500
679,1Fam,8,2046,834,372500
680,1Fam,5,988,572,128500
681,TwnhsE,6,923,264,143000
682,1Fam,5,1520,281,159434
683,1Fam,6,1291,431,173000
684,1Fam,9,1668,702,285000
685,1Fam,7,1839,486,221000
686,TwnhsE,7,2090,577,207500
687,1Fam,7,1761,578,227875
688,TwnhsE,7,1102,480,148800
689,1Fam,8,1419,567,392000
690,TwnhsE,6,1362,460,194700
691,TwnhsE,6,848,420,141000
692,1Fam,10,4316,832,755000
693,1Fam,7,2519,628,335000
694,1Fam,5,1073,326,108480
695,1Fam,5,1539,576,141500
696,1Fam,6,1137,551,176000
697,1Fam,5,616,205,89000
698,1Fam,5,1148,308,123500
699,1Fam,5,894,336,138500
700,TwnhsE,7,1391,530,196000
701,1Fam,8,1800,765,312500
702,1Fam,7,1164,528,140000
703,1Fam,8,2576,666,361919
704,2FmCon,5,1812,672,140000
705,1Fam,7,1484,606,213000
706,2FmCon,4,1092,0,55000
707,1Fam,7,1824,739,302000
708,TwnhsE,8,1324,550,254000
709,1Fam,7,1456,400,179540
710,1Fam,5,904,408,109900
711,1Fam,3,729,0,52000
712,1Fam,4,1178,384,102776
713,TwnhsE,8,1228,472,189000
714,2FmCon,4,960,576,129000
715,1Fam,6,1479,475,130500
716,1Fam,6,1350,478,165000
717,1Fam,7,2554,704,159500
718,1Fam,5,1178,439,157000
719,1Fam,7,2418,983,341000
720,1Fam,5,971,300,128500
721,1Fam,8,1742,564,275000
722,TwnhsE,6,848,420,143000
723,1Fam,4,864,463,124500
724,1Fam,4,1470,548,135000
725,1Fam,9,1698,768,320000
726,1Fam,4,864,660,120500
727,1Fam,6,1680,540,222000
728,1Fam,7,1232,632,194500
729,Duplx,5,1776,888,110000
730,1Fam,4,1208,539,103000
731,TwnhsE,8,1616,608,236500
732,1Fam,7,1146,438,187500
733,1Fam,7,2031,541,222500
734,1Fam,5,1144,264,131400
735,1Fam,5,948,300,108000
736,1Fam,7,1768,320,163000
737,Duplx,3,1040,400,93500
738,1Fam,8,1801,800,239900
739,Duplx,5,1200,0,179000
740,1Fam,7,1728,572,190000
741,1Fam,5,1432,360,132000
742,1Fam,6,912,288,142000
743,1Fam,7,1349,539,179000
744,1Fam,5,1464,480,175000
745,TwnhsE,8,1337,462,180000
746,1Fam,8,2715,831,299800
747,1Fam,7,2256,554,236000
748,1Fam,7,2640,864,265979
749,1Fam,7,1720,527,260400
750,1Fam,4,1529,240,98000
751,1Fam,4,1140,0,96500
752,1Fam,7,1320,400,162000
753,1Fam,6,1494,576,217000
754,1Fam,8,2098,878,275500
755,1Fam,6,1026,440,156000
756,TwnhsE,6,1471,440,172500
757,1Fam,8,1768,578,212000
758,1Fam,6,1386,440,158900
759,TwnhsI,7,1501,440,179400
760,1Fam,8,2531,752,290000
761,1Fam,6,864,300,127500
762,1Fam,5,1301,440,100000
763,1Fam,7,1547,614,215200
764,1Fam,8,2365,856,337000
765,TwnhsE,8,1494,481,270000
766,1Fam,9,1506,592,264132
767,1Fam,7,1714,496,196500
768,1Fam,6,1750,423,160000
769,1Fam,7,1836,484,216837
770,1Fam,8,3279,841,538000
771,1Fam,5,858,576,134900
772,1Fam,4,1220,396,102000
773,1Fam,6,1117,672,107000
774,1Fam,5,912,275,114500
775,1Fam,8,1973,895,395000
776,TwnhsE,6,1204,412,162000
777,1Fam,7,1614,865,221500
778,1Fam,5,894,440,142500
779,Duplx,5,2020,630,144000
780,Duplx,6,1004,504,135000
781,1Fam,7,1253,402,176000
782,1Fam,6,1603,484,175900
783,1Fam,7,1430,605,187100
784,1Fam,5,1110,602,165500
785,1Fam,6,1484,0,128000
786,1Fam,6,1342,457,161500
787,1Fam,5,1652,416,139000
788,1Fam,7,2084,618,233000
789,1Fam,4,901,281,107900
790,1Fam,6,2087,444,187500
791,TwnhsE,7,1145,397,160200
792,1Fam,6,1062,539,146800
793,1Fam,7,2013,455,269790
794,1Fam,8,1496,474,225000
795,1Fam,7,1895,409,194500
796,1Fam,6,1564,476,171000
797,1Fam,6,1285,528,143500
798,1Fam,5,773,240,110000
799,1Fam,9,3140,820,485000
800,1Fam,5,1768,240,175000
801,1Fam,6,1688,603,200000
802,1Fam,4,1196,440,109900
803,1Fam,7,1456,410,189000
804,1Fam,9,2822,1020,582933
805,1Fam,5,1128,286,118000
806,1Fam,7,1428,554,227680
807,1Fam,5,980,384,135500
808,1Fam,5,1576,528,223500
809,1Fam,5,1086,484,159950
810,1Fam,5,2138,360,106000
811,1Fam,6,1309,484,181000
812,TwnhsE,6,848,420,144500
813,1Fam,5,1044,504,55993
814,1Fam,6,1442,301,157900
815,1Fam,5,1250,280,116000
816,1Fam,7,1661,598,224900
817,1Fam,5,1008,275,137000
818,1Fam,8,1689,857,271000
819,1Fam,6,1052,440,155000
820,TwnhsE,7,1358,484,224000
821,1Fam,7,1640,595,183000
822,2FmCon,4,936,576,93000
823,1Fam,7,1733,433,225000
824,1Fam,6,1489,240,139500
825,1Fam,8,1489,776,232600
826,1Fam,10,2084,1220,385000
827,1Fam,5,784,0,109500
828,1Fam,7,1434,527,189000
829,1Fam,5,2126,538,185000
830,TwnhsI,7,1223,480,147400
831,1Fam,6,1392,458,166000
832,TwnhsE,7,1200,480,151000
833,1Fam,7,1829,613,237000
834,1Fam,6,1516,472,167000
835,1Fam,5,1144,456,139950
836,1Fam,4,1067,436,128000
837,1Fam,5,1559,812,153500
838,TwnhsI,6,987,264,100000
839,1Fam,5,1099,352,144000
840,1Fam,5,1200,240,130500
841,1Fam,6,1482,400,140000
842,1Fam,5,1539,686,157500
843,1Fam,6,1165,490,174900
844,Duplx,5,1800,0,141000
845,1Fam,5,1416,720,153900
846,1Fam,5,1701,611,171000
847,1Fam,7,1775,425,213000
848,1Fam,5,864,338,133500
849,1Fam,6,2358,360,240000
850,1Fam,6,1855,512,187000
851,TwnhsE,6,848,420,131500
852,TwnhsE,8,1456,400,215000
853,1Fam,7,1646,240,164000
854,1Fam,6,1445,645,158000
855,1Fam,5,1779,454,170000
856,1Fam,5,1040,260,127000
857,1Fam,6,1026,576,147000
858,1Fam,6,1481,343,174000
859,1Fam,7,1370,479,152000
860,1Fam,6,2654,619,250000
861,1Fam,7,1426,216,189950
862,2FmCon,5,1039,504,131500
863,1Fam,6,1097,480,152000
864,1Fam,5,1148,672,132500
865,1Fam,7,1372,529,250580
866,1Fam,5,1002,902,148500
867,1Fam,8,1646,870,248900
868,1Fam,4,1120,544,129000
869,1Fam,5,2320,672,169000
870,1Fam,7,1949,574,236000
871,1Fam,5,894,308,109500
872,1Fam,6,1682,523,200500
873,1Fam,5,910,414,116000
874,1Fam,5,1268,288,133000
875,1Fam,5,1131,200,66500
876,1Fam,8,2610,550,303477
877,1Fam,4,1040,648,132250
878,1Fam,9,2224,738,350000
879,1Fam,5,1155,576,148000
880,1Fam,5,864,336,136500
881,1Fam,5,1090,450,157000
882,1Fam,7,1717,400,187500
883,1Fam,6,1593,389,178000
884,1Fam,4,2230,440,118500
885,1Fam,5,892,288,100000
886,TwnhsE,9,1709,506,328900
887,Duplx,5,1712,588,145000
888,1Fam,5,1393,300,135500
889,1Fam,8,2217,621,268000
890,1Fam,6,1505,505,149500
891,1Fam,5,924,576,122900
892,1Fam,6,1683,440,172500
893,1Fam,6,1068,264,154500
894,1Fam,5,1383,354,165000
895,Duplx,5,1535,400,118858
896,1Fam,6,1796,483,140000
897,1Fam,4,951,327,106500
898,Duplx,5,2240,528,142953
899,1Fam,9,2364,820,611657
900,1Fam,5,1236,288,135000
901,1Fam,4,858,684,110000
902,1Fam,5,1306,756,153000
903,1Fam,7,1509,393,180000
904,1Fam,7,1670,690,240000
905,1Fam,5,902,288,125500
906,1Fam,5,1063,280,128000
907,1Fam,8,1636,865,255000
908,1Fam,7,2057,180,250000
909,1Fam,5,902,484,131000
910,1Fam,6,1484,390,174000
911,Duplx,5,2274,480,154300
912,1Fam,5,1268,252,143500
913,1Fam,5,1015,450,88000
914,Duplx,5,2002,871,145000
915,TwnhsE,6,1224,528,173733
916,TwnhsI,4,1092,286,75000
917,1Fam,2,480,308,35311
918,1Fam,4,1229,284,135000
919,1Fam,7,2127,833,238000
920,1Fam,6,1414,601,176500
921,1Fam,6,1721,471,201000
922,Duplx,5,2200,0,145900
923,1Fam,6,1316,397,169990
924,TwnhsE,6,1617,533,193000
925,1Fam,6,1686,612,207500
926,1Fam,5,1126,540,175000
927,1Fam,8,2374,656,285000
928,1Fam,7,1978,486,176000
929,1Fam,8,1788,522,236500
930,1Fam,7,2236,642,222000
931,1Fam,8,1466,610,201000
932,1Fam,5,925,429,117500
933,1Fam,9,1905,788,320000
934,1Fam,7,1500,570,190000
935,1Fam,7,2069,505,242000
936,1Fam,4,747,528,79900
937,1Fam,7,1200,555,184900
938,1Fam,7,1971,689,253000
939,1Fam,7,1962,868,239799
940,1Fam,7,2403,349,244400
941,Duplx,6,1728,574,150900
942,1Fam,7,2060,390,214000
943,Duplx,4,1440,0,150000
944,Duplx,5,1632,576,143000
945,1Fam,6,1344,525,137500
946,1Fam,5,1869,456,124900
947,1Fam,5,1144,796,143000
948,1Fam,8,1629,808,270000
949,1Fam,7,1776,474,192500
950,1Fam,6,1381,676,197500
951,1Fam,5,864,720,129000
952,1Fam,5,965,300,119900
953,1Fam,5,768,396,133900
954,1Fam,5,1968,530,172000
955,Duplx,6,980,0,127500
956,Duplx,6,1958,492,145000
957,TwnhsE,6,1229,462,124000
958,1Fam,5,1057,576,132000
959,1Fam,7,1337,531,185000
960,TwnhsI,7,1416,484,155000
961,1Fam,5,858,0,116500
962,1Fam,6,2872,619,272000
963,TwnhsE,6,1548,440,155000
964,1Fam,9,1800,702,239000
965,1Fam,7,1894,510,214900
966,1Fam,6,1484,393,178900
967,1Fam,5,1308,256,160000
968,1Fam,5,1098,260,135000
969,1Fam,3,968,0,37900
970,2FmCon,6,1095,264,140000
971,1Fam,4,1192,0,135000
972,TwnhsI,7,1626,474,173000
973,TwnhsE,6,918,264,99500
974,1Fam,7,1428,480,182000
975,1Fam,7,2019,532,167500
976,TwnhsI,7,1382,490,165000
977,1Fam,4,869,0,85500
978,TwnhsE,7,1241,569,199900
979,1Fam,4,894,400,110000
980,1Fam,5,1121,480,139000
981,1Fam,7,999,588,178400
982,1Fam,8,2612,676,336000
983,1Fam,7,1266,388,159895
984,1Fam,8,2290,779,255900
985,Duplx,5,1734,539,126000
986,2FmCon,5,1164,240,125000
987,1Fam,6,1635,255,117000
988,1Fam,9,1940,606,395192
989,1Fam,6,2030,551,195000
990,1Fam,7,1576,614,197000
991,1Fam,8,2392,870,348000
992,1Fam,8,1742,424,168000
993,1Fam,6,1851,440,187000
994,1Fam,6,1500,564,173900
995,1Fam,10,1718,786,337500
996,1Fam,4,1230,305,121600
997,1Fam,5,1050,368,136500
998,1Fam,6,1442,615,185000
999,1Fam,3,1077,210,91000
1000,1Fam,7,1208,632,206000
